<?xml version="1.0" encoding="UTF-8"?>
<project-private xmlns="http://www.netbeans.org/ns/project-private/1">
    <editor-bookmarks xmlns="http://www.netbeans.org/ns/editor-bookmarks/2" lastBookmarkId="0"/>
    <open-files xmlns="http://www.netbeans.org/ns/projectui-open-files/2">
        <group>
            <file>file:/C:/Game/game_java/src/firstTela/Historia.java</file>
            <file>file:/C:/Game/game_java/src/firstTela/CadastroJogador.java</file>
            <file>file:/C:/Game/game_java/src/firstTela/TelaInicial.java</file>
            <file>file:/C:/Game/game_java/src/firstTela/LoginJogador.java</file>
            <file>file:/C:/Game/game_java/src/game_java/Jogo.java</file>
        </group>
    </open-files>
</project-private>
